symbol,company_name,series,isin,listing_date,sector,industry,basic_industry,classification_status,classification_source,classification_failure_reason,yahoo_ticker,yahoo_sector,yahoo_industry,yahoo_quote_type,yahoo_attempt_count,yahoo_last_attempt_utc,yahoo_failure_reason
AAKASH,Aakash Exploration Services Limited,EQ,INE087Z01024,2020-09-29,,,,YAHOO_RETRY,Yahoo Finance profile (hierarchy incomplete),Yahoo provided sector/industry but no verified Basic Industry mapping,AAKASH.NS,Energy,Oil & Gas Equipment & Services,EQUITY,1,2026-09-07T13:04:17Z,
AARON,Aaron Industries Limited,EQ,INE721Z01010,2020-11-06,,,,YAHOO_RETRY,Yahoo Finance profile (hierarchy incomplete),Yahoo provided sector/industry but no verified Basic Industry mapping,AARON.NS,Industrials,Specialty Industrial Machinery,EQUITY,1,2026-09-07T13:04:17Z,
ABMINTLLTD,ABM International Limited,BE,INE251C01025,2021-09-09,,,,YAHOO_RETRY,Yahoo Finance profile (hierarchy incomplete),Yahoo provided sector/industry but no verified Basic Industry mapping,ABMINTLLTD.NS,Basic Materials,Specialty Chemicals,EQUITY,1,2026-09-07T13:04:17Z,
ACEINTEG,Ace Integrated Solutions Limited,EQ,INE543V01017,2022-11-04,,,,YAHOO_RETRY,Yahoo Finance profile (hierarchy incomplete),Yahoo provided sector/industry but no verified Basic Industry mapping,ACEINTEG.NS,Industrials,Staffing & Employment Services,EQUITY,1,2026-09-07T13:04:17Z,
AGROPHOS,Agro Phos India Limited,EQ,INE740V01019,2019-03-08,,,,YAHOO_RETRY,Yahoo Finance profile (hierarchy incomplete),Yahoo provided sector/industry but no verified Basic Industry mapping,AGROPHOS.NS,Basic Materials,Agricultural Inputs,EQUITY,1,2026-09-07T13:04:17Z,
AHLADA,Ahlada Engineers Limited,EQ,INE00PV01013,2021-01-28,,,,YAHOO_RETRY,Yahoo Finance profile (hierarchy incomplete),Yahoo provided sector/industry but no verified Basic Industry mapping,AHLADA.NS,Industrials,Building Products & Equipment,EQUITY,1,2026-09-07T13:04:17Z,
AIROLAM,Airo Lam limited,EQ,INE801L01010,2021-10-13,,,,YAHOO_RETRY,Yahoo Finance profile (hierarchy incomplete),Yahoo provided sector/industry but no verified Basic Industry mapping,AIROLAM.NS,Consumer Cyclical,"Furnishings, Fixtures & Appliances",EQUITY,1,2026-09-07T13:04:17Z,
AJOONI,Ajooni Biotech Limited,EQ,INE820Y01021,2021-05-07,,,,YAHOO_RETRY,Yahoo Finance profile (hierarchy incomplete),Yahoo provided sector/industry but no verified Basic Industry mapping,AJOONI.NS,Consumer Defensive,Packaged Foods,EQUITY,1,2026-09-07T13:04:17Z,
AKASH,Akash Infra-Projects Limited,EQ,INE737W01013,2019-10-11,,,,YAHOO_RETRY,Yahoo Finance profile (hierarchy incomplete),Yahoo provided sector/industry but no verified Basic Industry mapping,AKASH.NS,Industrials,Engineering & Construction,EQUITY,1,2026-09-07T13:04:17Z,
AKG,Akg Exim Limited,EQ,INE00Y801016,2021-02-16,,,,YAHOO_RETRY,Yahoo Finance profile (hierarchy incomplete),Yahoo provided sector/industry but no verified Basic Industry mapping,AKG.NS,Industrials,Industrial Distribution,EQUITY,1,2026-09-07T13:04:17Z,
ANNAPURNA,Annapurna Swadisht Limited,EQ,INE0MGM01017,2026-08-12,,,,YAHOO_RETRY,Yahoo Finance profile (hierarchy incomplete),Yahoo provided sector/industry but no verified Basic Industry mapping,ANNAPURNA.NS,Consumer Defensive,Packaged Foods,EQUITY,1,2026-09-07T13:04:17Z,
ANTGRAPHIC,Antarctica Limited,EQ,INE414B01021,1997-12-31,,,,YAHOO_RETRY,Yahoo Finance profile (hierarchy incomplete),Yahoo provided sector/industry but no verified Basic Industry mapping,ANTGRAPHIC.NS,Consumer Cyclical,Packaging & Containers,EQUITY,1,2026-09-07T13:04:17Z,
APOLSINHOT,Apollo Sindoori Hotels Limited,EQ,INE451F01024,2015-01-28,,,,YAHOO_RETRY,Yahoo Finance profile (hierarchy incomplete),Yahoo provided sector/industry but no verified Basic Industry mapping,APOLSINHOT.NS,Industrials,Specialty Business Services,EQUITY,1,2026-09-07T13:04:17Z,
ARTNIRMAN,Art Nirman Limited,EQ,INE738V01013,2021-10-18,,,,YAHOO_RETRY,Yahoo Finance profile (hierarchy incomplete),Yahoo provided sector/industry but no verified Basic Industry mapping,ARTNIRMAN.NS,Real Estate,Real Estate - Development,EQUITY,1,2026-09-07T13:04:17Z,
ARVEE,Arvee Laboratories (India) Limited,EQ,INE006Z01016,2021-03-22,,,,YAHOO_RETRY,Yahoo Finance profile (hierarchy incomplete),Yahoo provided sector/industry but no verified Basic Industry mapping,ARVEE.NS,Basic Materials,Specialty Chemicals,EQUITY,1,2026-09-07T13:04:17Z,
ASPINWALL,Aspinwall and Company Limited,EQ,INE991I01015,2016-06-14,,,,YAHOO_RETRY,Yahoo Finance profile (hierarchy incomplete),Yahoo provided sector/industry but no verified Basic Industry mapping,ASPINWALL.NS,Consumer Defensive,Farm Products,EQUITY,1,2026-09-08T13:05:07Z,
BALAXI,BALAXI PHARMACEUTICALS LIMITED,EQ,INE618N01022,2015-11-30,,,,YAHOO_RETRY,Yahoo Finance profile (hierarchy incomplete),Yahoo provided sector/industry but no verified Basic Industry mapping,BALAXI.NS,Healthcare,Drug Manufacturers - Specialty & Generic,EQUITY,1,2026-09-08T13:05:07Z,
BANKA,Banka BioLoo Limited,EQ,INE862Y01015,2020-10-29,,,,YAHOO_RETRY,Yahoo Finance profile (hierarchy incomplete),Yahoo provided sector/industry but no verified Basic Industry mapping,BANKA.NS,Industrials,Pollution & Treatment Controls,EQUITY,1,2026-09-08T13:05:07Z,
BEARDSELL,Beardsell Limited,EQ,INE520H01022,2015-01-13,,,,YAHOO_RETRY,Yahoo Finance profile (hierarchy incomplete),Yahoo provided sector/industry but no verified Basic Industry mapping,BEARDSELL.NS,Industrials,Building Products & Equipment,EQUITY,1,2026-09-08T13:05:07Z,
BETA,Beta Drugs Limited,EQ,INE351Y01019,2025-11-24,,,,YAHOO_RETRY,Yahoo Finance profile (hierarchy incomplete),Yahoo provided sector/industry but no verified Basic Industry mapping,BETA.NS,Healthcare,Drug Manufacturers - Specialty & Generic,EQUITY,1,2026-09-08T13:05:07Z,
BOHRAIND,Bohra Industries Limited,EQ,INE802W01023,2022-10-27,,,,YAHOO_RETRY,Yahoo Finance profile (hierarchy incomplete),Yahoo provided sector/industry but no verified Basic Industry mapping,BOHRAIND.NS,Basic Materials,Agricultural Inputs,EQUITY,1,2026-09-08T13:05:07Z,
BSE,BSE Limited,EQ,INE118H01025,2017-02-03,,,,YAHOO_RETRY,Yahoo Finance profile (hierarchy incomplete),Yahoo provided sector/industry but no verified Basic Industry mapping,BSE.NS,Financial Services,Financial Data & Stock Exchanges,EQUITY,1,2026-09-08T13:05:07Z,
CDSL,Central Depository Services (India) Limited,EQ,INE736A01011,2017-06-30,,,,YAHOO_RETRY,Yahoo Finance profile (hierarchy incomplete),Yahoo provided sector/industry but no verified Basic Industry mapping,CDSL.NS,Financial Services,Capital Markets,EQUITY,1,2026-09-08T13:05:07Z,
CONSOFINVT,Consolidated Finvest & Holdings Limited,BE,INE025A01027,2005-03-29,,,,YAHOO_RETRY,Yahoo Finance profile (hierarchy incomplete),Yahoo provided sector/industry but no verified Basic Industry mapping,CONSOFINVT.NS,Financial Services,Capital Markets,EQUITY,1,2026-09-08T13:05:07Z,
CROWN,Crown Lifters Limited,EQ,INE491V01019,2022-02-08,,,,YAHOO_RETRY,Yahoo Finance profile (hierarchy incomplete),Yahoo provided sector/industry but no verified Basic Industry mapping,CROWN.NS,Industrials,Rental & Leasing Services,EQUITY,1,2026-09-08T13:05:07Z,
DANGEE,Dangee Dums Limited,EQ,INE688Y01022,2020-11-13,,,,YAHOO_RETRY,Yahoo Finance profile (hierarchy incomplete),Yahoo provided sector/industry but no verified Basic Industry mapping,DANGEE.NS,Consumer Cyclical,Restaurants,EQUITY,1,2026-09-08T13:05:07Z,
DPSCLTD,DPSC Limited,BE,INE360C01024,2008-04-21,,,,YAHOO_RETRY,Yahoo Finance profile (hierarchy incomplete),Yahoo provided sector/industry but no verified Basic Industry mapping,DPSCLTD.NS,Utilities,Utilities - Regulated Electric,EQUITY,1,2026-09-08T13:05:07Z,
EIFFL,Euro India Fresh Foods Limited,BE,INE546V01010,2021-10-12,,,,YAHOO_RETRY,Yahoo Finance profile (hierarchy incomplete),Yahoo provided sector/industry but no verified Basic Industry mapping,EIFFL.NS,Consumer Defensive,Packaged Foods,EQUITY,1,2026-09-08T13:05:07Z,
ELGIRUBCO,Elgi Rubber Company Limited,EQ,INE819L01012,2011-08-10,,,,YAHOO_RETRY,Yahoo Finance profile (hierarchy incomplete),Yahoo provided sector/industry but no verified Basic Industry mapping,ELGIRUBCO.NS,Consumer Cyclical,Auto Parts,EQUITY,1,2026-09-08T13:05:07Z,
FOCUS,Focus Lighting and Fixtures Limited,BE,INE593W01028,2021-11-24,,,,YAHOO_RETRY,Yahoo Finance profile (hierarchy incomplete),Yahoo provided sector/industry but no verified Basic Industry mapping,FOCUS.NS,Consumer Cyclical,"Furnishings, Fixtures & Appliances",EQUITY,1,2026-09-08T13:05:07Z,
GANGAFORGE,Ganga Forging Limited,EQ,INE691Z01023,2021-07-06,,,,YAHOO_RETRY,Yahoo Finance profile (hierarchy incomplete),Yahoo provided sector/industry but no verified Basic Industry mapping,GANGAFORGE.NS,Industrials,Metal Fabrication,EQUITY,1,2026-09-09T13:03:53Z,
GEEKAYWIRE,Geekay Wires Limited,EQ,INE669X01032,2020-03-06,,,,YAHOO_RETRY,Yahoo Finance profile (hierarchy incomplete),Yahoo provided sector/industry but no verified Basic Industry mapping,GEEKAYWIRE.NS,Industrials,Electrical Equipment & Parts,EQUITY,1,2026-09-09T13:03:53Z,
GICL,Globe International Carriers Limited,EQ,INE947T01022,2026-02-18,,,,YAHOO_RETRY,Yahoo Finance profile (hierarchy incomplete),Yahoo provided sector/industry but no verified Basic Industry mapping,GICL.NS,Industrials,Integrated Freight & Logistics,EQUITY,1,2026-09-09T13:03:53Z,
GKWLIMITED,GKW Limited,EQ,INE528A01020,2009-07-20,,,,YAHOO_RETRY,Yahoo Finance profile (hierarchy incomplete),Yahoo provided sector/industry but no verified Basic Industry mapping,GKWLIMITED.NS,Industrials,Specialty Business Services,EQUITY,1,2026-09-09T13:03:53Z,
GLOBAL,Global Education Limited,EQ,INE291W01037,2020-12-07,,,,YAHOO_RETRY,Yahoo Finance profile (hierarchy incomplete),Yahoo provided sector/industry but no verified Basic Industry mapping,GLOBAL.NS,Consumer Defensive,Education & Training Services,EQUITY,1,2026-09-09T13:03:53Z,
GLOBE,GLOBE ENTERPRISES (INDIA) LIMITED,EQ,INE581X01021,2020-10-07,,,,YAHOO_RETRY,Yahoo Finance profile (hierarchy incomplete),Yahoo provided sector/industry but no verified Basic Industry mapping,GLOBE.NS,Consumer Cyclical,Textile Manufacturing,EQUITY,1,2026-09-09T13:03:53Z,
GRADIENTE,Gradiente Infotainment Limited,EQ,INE361K01017,2026-05-08,,,,YAHOO_RETRY,Yahoo Finance profile (hierarchy incomplete),Yahoo provided sector/industry but no verified Basic Industry mapping,GRADIENTE.NS,Communication Services,Entertainment,EQUITY,1,2026-09-09T13:03:53Z,
GROBTEA,The Grob Tea Company Limited,EQ,INE646C01018,2016-07-14,,,,YAHOO_RETRY,Yahoo Finance profile (hierarchy incomplete),Yahoo provided sector/industry but no verified Basic Industry mapping,GROBTEA.NS,Consumer Defensive,Farm Products,EQUITY,1,2026-09-09T13:03:53Z,
GTECJAINX,G-TEC JAINX EDUCATION LIMITED,BE,INE586X01012,2020-11-13,,,,YAHOO_RETRY,Yahoo Finance profile (hierarchy incomplete),Yahoo provided sector/industry but no verified Basic Industry mapping,GTECJAINX.NS,Consumer Defensive,Education & Training Services,EQUITY,1,2026-09-09T13:03:53Z,
GVPTECH,GVP Infotech Limited,EQ,INE382T01030,2022-09-06,,,,YAHOO_RETRY,Yahoo Finance profile (hierarchy incomplete),Yahoo provided sector/industry but no verified Basic Industry mapping,GVPTECH.NS,Technology,Information Technology Services,EQUITY,1,2026-09-09T13:03:53Z,
HECPROJECT,HEC Infra Projects Limited,EQ,INE558R01013,2021-12-30,,,,YAHOO_RETRY,Yahoo Finance profile (hierarchy incomplete),Yahoo provided sector/industry but no verified Basic Industry mapping,HECPROJECT.NS,Industrials,Engineering & Construction,EQUITY,1,2026-09-09T13:03:53Z,
HINDCON,Hindcon Chemicals Limited,EQ,INE642Y01029,2021-07-05,,,,YAHOO_RETRY,Yahoo Finance profile (hierarchy incomplete),Yahoo provided sector/industry but no verified Basic Industry mapping,HINDCON.NS,Basic Materials,Specialty Chemicals,EQUITY,1,2026-09-09T13:03:53Z,
ICEMAKE,Ice Make Refrigeration Limited,EQ,INE520Y01019,2020-10-12,,,,YAHOO_RETRY,Yahoo Finance profile (hierarchy incomplete),Yahoo provided sector/industry but no verified Basic Industry mapping,ICEMAKE.NS,Industrials,Specialty Industrial Machinery,EQUITY,1,2026-09-09T13:03:53Z,
IRISDOREME,Iris Clothings Limited,EQ,INE01GN01025,2021-02-22,,,,YAHOO_RETRY,Yahoo Finance profile (hierarchy incomplete),Yahoo provided sector/industry but no verified Basic Industry mapping,IRISDOREME.NS,Consumer Cyclical,Apparel Manufacturing,EQUITY,1,2026-09-09T13:03:53Z,
JAIPURKURT,Nandani Creation Limited,EQ,INE696V01013,2021-09-02,,,,YAHOO_RETRY,Yahoo Finance profile (hierarchy incomplete),Yahoo provided sector/industry but no verified Basic Industry mapping,JAIPURKURT.NS,Consumer Cyclical,Apparel Manufacturing,EQUITY,1,2026-09-09T13:03:53Z,
JMA,Jullundur Motor Agency (Delhi) Limited,EQ,INE412C01023,2015-03-16,,,,YAHOO_RETRY,Yahoo Finance profile (hierarchy incomplete),Yahoo provided sector/industry but no verified Basic Industry mapping,JMA.NS,Consumer Cyclical,Auto Parts,EQUITY,1,2026-09-10T13:03:26Z,
JOCIL,Jocil Limited,BE,INE839G01010,2008-10-08,,,,YAHOO_RETRY,Yahoo Finance profile (hierarchy incomplete),Yahoo provided sector/industry but no verified Basic Industry mapping,JOCIL.NS,Basic Materials,Specialty Chemicals,EQUITY,1,2026-09-10T13:03:26Z,
KALYANI,Kalyani Commercials Limited,BE,INE610E01010,2017-02-13,,,,YAHOO_RETRY,Yahoo Finance profile (hierarchy incomplete),Yahoo provided sector/industry but no verified Basic Industry mapping,KALYANI.NS,Consumer Cyclical,Auto & Truck Dealerships,EQUITY,1,2026-09-10T13:03:26Z,
KAPSTON,Kapston Services Limited,EQ,INE542Z01028,2020-05-27,,,,YAHOO_RETRY,Yahoo Finance profile (hierarchy incomplete),Yahoo provided sector/industry but no verified Basic Industry mapping,KAPSTON.NS,Industrials,Specialty Business Services,EQUITY,1,2026-09-10T13:03:26Z,
KNAGRI,KN Agri Resources Limited,EQ,INE0KNW01016,2025-12-09,,,,YAHOO_RETRY,Yahoo Finance profile (hierarchy incomplete),Yahoo provided sector/industry but no verified Basic Industry mapping,KNAGRI.NS,Consumer Defensive,Farm Products,EQUITY,1,2026-09-10T13:03:26Z,
KOTARISUG,Kothari Sugars And Chemicals Limited,EQ,INE419A01022,2004-12-13,,,,YAHOO_RETRY,Yahoo Finance profile (hierarchy incomplete),Yahoo provided sector/industry but no verified Basic Industry mapping,KOTARISUG.NS,Consumer Defensive,Confectioners,EQUITY,1,2026-09-10T13:03:26Z,
KOTHARIPET,Kothari Petrochemicals Limited,EQ,INE720A01015,1996-11-02,,,,YAHOO_RETRY,Yahoo Finance profile (hierarchy incomplete),Yahoo provided sector/industry but no verified Basic Industry mapping,KOTHARIPET.NS,Basic Materials,Specialty Chemicals,EQUITY,1,2026-09-10T13:03:26Z,
KRISHANA,Krishana Phoschem Limited,EQ,INE506W01020,2019-08-22,,,,YAHOO_RETRY,Yahoo Finance profile (hierarchy incomplete),Yahoo provided sector/industry but no verified Basic Industry mapping,KRISHANA.NS,Basic Materials,Agricultural Inputs,EQUITY,1,2026-09-10T13:03:26Z,
KRISHNADEF,Krishna Defence And Allied Industries Limited,EQ,INE0J5601015,2025-12-30,,,,YAHOO_RETRY,Yahoo Finance profile (hierarchy incomplete),Yahoo provided sector/industry but no verified Basic Industry mapping,KRISHNADEF.NS,Industrials,Specialty Industrial Machinery,EQUITY,1,2026-09-10T13:03:26Z,
KRITIKA,Kritika Wires Limited,EQ,INE00Z501029,2022-05-04,,,,YAHOO_RETRY,Yahoo Finance profile (hierarchy incomplete),Yahoo provided sector/industry but no verified Basic Industry mapping,KRITIKA.NS,Basic Materials,Steel,EQUITY,1,2026-09-10T13:03:26Z,
KSHITIJPOL,Kshitij Polyline Limited,EQ,INE013801027,2022-07-27,,,,YAHOO_RETRY,Yahoo Finance profile (hierarchy incomplete),Yahoo provided sector/industry but no verified Basic Industry mapping,KSHITIJPOL.NS,Industrials,Business Equipment & Supplies,EQUITY,1,2026-09-10T13:03:26Z,
LAGNAM,Lagnam Spintex Limited,EQ,INE548Z01017,2021-09-30,,,,YAHOO_RETRY,Yahoo Finance profile (hierarchy incomplete),Yahoo provided sector/industry but no verified Basic Industry mapping,LAGNAM.NS,Consumer Cyclical,Textile Manufacturing,EQUITY,1,2026-09-10T13:03:26Z,
LATTEYS,Latteys Industries Limited,EQ,INE262Z01023,2023-05-23,,,,YAHOO_RETRY,Yahoo Finance profile (hierarchy incomplete),Yahoo provided sector/industry but no verified Basic Industry mapping,LATTEYS.NS,Industrials,Specialty Industrial Machinery,EQUITY,1,2026-09-10T13:03:26Z,
LAXMICOT,Laxmi Cotspin Limited,EQ,INE801V01019,2021-11-12,,,,YAHOO_RETRY,Yahoo Finance profile (hierarchy incomplete),Yahoo provided sector/industry but no verified Basic Industry mapping,LAXMICOT.NS,Consumer Cyclical,Textile Manufacturing,EQUITY,1,2026-09-10T13:03:26Z,
LEMERITE,Le Merite Exports Limited,EQ,INE0G1L01025,2025-12-12,,,,YAHOO_RETRY,Yahoo Finance profile (hierarchy incomplete),Yahoo provided sector/industry but no verified Basic Industry mapping,LEMERITE.NS,Consumer Cyclical,Textile Manufacturing,EQUITY,1,2026-09-10T13:03:26Z,
LEXUS,Lexus Granito (India) Limited,EQ,INE500X01013,2023-03-13,,,,BSE_RETRY,,ISIN: IndexError: tuple index out of range | SYMBOL: IndexError: tuple index out of range | COMPANY_NAME: IndexError: tuple index out of range,LEXUS.NS,Industrials,Building Products & Equipment,EQUITY,0,,
LFIC,Lakshmi Finance & Industrial Corporation Limited,EQ,INE850E01012,2015-04-15,,,,BSE_RETRY,,ISIN: IndexError: tuple index out of range | SYMBOL: IndexError: tuple index out of range | COMPANY_NAME: IndexError: tuple index out of range,LFIC.NS,Financial Services,Asset Management,EQUITY,0,,
LGHL,Laxmi Goldorna House Limited,EQ,INE258Y01016,2023-11-10,,,,BSE_RETRY,,ISIN: IndexError: tuple index out of range | SYMBOL: IndexError: tuple index out of range | COMPANY_NAME: IndexError: tuple index out of range,LGHL.NS,Consumer Cyclical,Luxury Goods,EQUITY,0,,
LIBAS,Libas Consumer Products Limited,EQ,INE908V01012,2019-07-23,,,,BSE_RETRY,,ISIN: IndexError: tuple index out of range | SYMBOL: IndexError: tuple index out of range | COMPANY_NAME: IndexError: tuple index out of range,LIBAS.NS,Consumer Cyclical,Apparel Manufacturing,EQUITY,0,,
MACPOWER,Macpower CNC Machines Limited,EQ,INE155Z01011,2020-08-19,,,,BSE_RETRY,,ISIN: IndexError: tuple index out of range | SYMBOL: IndexError: tuple index out of range | COMPANY_NAME: IndexError: tuple index out of range,MACPOWER.NS,Industrials,Specialty Industrial Machinery,EQUITY,0,,
MAHESHWARI,Maheshwari Logistics Limited,BE,INE263W01010,2019-04-15,,,,BSE_RETRY,,ISIN: IndexError: tuple index out of range | SYMBOL: IndexError: tuple index out of range | COMPANY_NAME: IndexError: tuple index out of range,MAHESHWARI.NS,Industrials,Integrated Freight & Logistics,EQUITY,0,,
MARINE,Marine Electricals (India) Limited,EQ,INE01JE01028,2020-12-02,,,,BSE_RETRY,,ISIN: IndexError: tuple index out of range | SYMBOL: IndexError: tuple index out of range | COMPANY_NAME: IndexError: tuple index out of range,MARINE.NS,Industrials,Electrical Equipment & Parts,EQUITY,0,,
MASKINVEST,Mask Investments Limited,EQ,INE885F01015,2016-10-14,,,,BSE_RETRY,,ISIN: IndexError: tuple index out of range | SYMBOL: IndexError: tuple index out of range | COMPANY_NAME: IndexError: tuple index out of range,MASKINVEST.NS,Financial Services,Capital Markets,EQUITY,0,,
MBAPL,Madhya Bharat Agro Products Limited,EQ,INE900L01028,2019-08-22,,,,BSE_RETRY,,ISIN: IndexError: tuple index out of range | SYMBOL: IndexError: tuple index out of range | COMPANY_NAME: IndexError: tuple index out of range,MBAPL.NS,Basic Materials,Agricultural Inputs,EQUITY,0,,
MCL,M TEK COPPER LIMITED,EQ,INE813V01022,2020-08-19,,,,BSE_RETRY,,ISIN: IndexError: tuple index out of range | SYMBOL: IndexError: tuple index out of range | COMPANY_NAME: IndexError: tuple index out of range,MCL.NS,Basic Materials,Copper,EQUITY,0,,
MITCON,MITCON Consultancy & Engineering Services Limited,BE,INE828O01033,2022-03-17,,,,BSE_RETRY,,ISIN: IndexError: tuple index out of range | SYMBOL: IndexError: tuple index out of range | COMPANY_NAME: IndexError: tuple index out of range,MITCON.NS,Industrials,Engineering & Construction,EQUITY,0,,
MITTAL,Mittal Life Style Limited,EQ,INE997Y01027,2020-04-29,,,,BSE_RETRY,,ISIN: IndexError: tuple index out of range | SYMBOL: IndexError: tuple index out of range | COMPANY_NAME: IndexError: tuple index out of range,MITTAL.NS,Consumer Cyclical,Textile Manufacturing,EQUITY,0,,
MMP,MMP Industries Limited,EQ,INE511Y01018,2020-01-09,,,,BSE_RETRY,,ISIN: IndexError: tuple index out of range | SYMBOL: IndexError: tuple index out of range | COMPANY_NAME: IndexError: tuple index out of range,MMP.NS,Basic Materials,Aluminum,EQUITY,0,,
MOKSH,Moksh Ornaments Limited,EQ,INE514Y01020,2021-05-21,,,,BSE_RETRY,,ISIN: IndexError: tuple index out of range | SYMBOL: IndexError: tuple index out of range | COMPANY_NAME: IndexError: tuple index out of range,MOKSH.NS,Consumer Cyclical,Luxury Goods,EQUITY,0,,
NBIFIN,N. B. I. Industrial Finance Company Limited,EQ,INE365I01020,2016-11-23,,,,BSE_RETRY,,ISIN: IndexError: tuple index out of range | SYMBOL: IndexError: tuple index out of range | COMPANY_NAME: IndexError: tuple index out of range,NBIFIN.NS,Financial Services,Capital Markets,EQUITY,0,,
NDGL,Naga Dhunseri Group Limited,EQ,INE756C01015,2016-08-29,,,,BSE_RETRY,,ISIN: IndexError: tuple index out of range | SYMBOL: IndexError: tuple index out of range | COMPANY_NAME: IndexError: tuple index out of range,NDGL.NS,Financial Services,Capital Markets,EQUITY,0,,
NIRAJISPAT,Niraj Ispat Industries Limited,EQ,INE326T01011,2016-10-27,,,,BSE_RETRY,,ISIN: IndexError: tuple index out of range | SYMBOL: IndexError: tuple index out of range | COMPANY_NAME: IndexError: tuple index out of range,NIRAJISPAT.NS,Consumer Cyclical,Apparel Manufacturing,EQUITY,0,,
NITIRAJ,Nitiraj Engineers Limited,EQ,INE439T01012,2021-04-22,,,,BSE_RETRY,,ISIN: IndexError: tuple index out of range | SYMBOL: IndexError: tuple index out of range | COMPANY_NAME: IndexError: tuple index out of range,NITIRAJ.NS,Technology,Scientific & Technical Instruments,EQUITY,0,,
NRL,Nupur Recyclers Limited,BE,INE0JM501013,2023-01-12,,,,BSE_RETRY,,ISIN: IndexError: tuple index out of range | SYMBOL: IndexError: tuple index out of range | COMPANY_NAME: IndexError: tuple index out of range,NRL.NS,Industrials,Waste Management,EQUITY,0,,
OSIAHYPER,Osia Hyper Retail Limited,BE,INE06IR01021,2022-12-01,,,,BSE_RETRY,,ISIN: IndexError: tuple index out of range | SYMBOL: IndexError: tuple index out of range | COMPANY_NAME: IndexError: tuple index out of range,OSIAHYPER.NS,Consumer Cyclical,Department Stores,EQUITY,0,,
OSWALSEEDS,ShreeOswal Seeds And Chemicals Limited,EQ,INE00IK01029,2023-02-28,,,,BSE_RETRY,,ISIN: IndexError: tuple index out of range | SYMBOL: IndexError: tuple index out of range | COMPANY_NAME: IndexError: tuple index out of range,OSWALSEEDS.NS,Basic Materials,Agricultural Inputs,EQUITY,0,,
PANACHE,Panache Digilife Limited,BE,INE895W01019,2020-01-06,,,,BSE_RETRY,,ISIN: IndexError: tuple index out of range | SYMBOL: IndexError: tuple index out of range | COMPANY_NAME: IndexError: tuple index out of range,PANACHE.NS,Technology,Communication Equipment,EQUITY,0,,
PANSARI,Pansari Developers Limited,EQ,INE697V01011,2021-10-18,,,,BSE_RETRY,,ISIN: IndexError: tuple index out of range | SYMBOL: IndexError: tuple index out of range | COMPANY_NAME: IndexError: tuple index out of range,PANSARI.NS,Real Estate,Real Estate - Development,EQUITY,0,,
PAR,Par Drugs And Chemicals Limited,EQ,INE04LG01015,2021-09-16,,,,BSE_RETRY,,ISIN: IndexError: tuple index out of range | SYMBOL: IndexError: tuple index out of range | COMPANY_NAME: IndexError: tuple index out of range,PAR.NS,Healthcare,Drug Manufacturers - Specialty & Generic,EQUITY,0,,
PKTEA,The Peria Karamalai Tea & Produce Company Limited,EQ,INE431F01018,2015-08-19,,,,BSE_RETRY,,ISIN: IndexError: tuple index out of range | SYMBOL: IndexError: tuple index out of range | COMPANY_NAME: IndexError: tuple index out of range,PKTEA.NS,Consumer Defensive,Farm Products,EQUITY,0,,
PRECOT,Precot Limited,EQ,INE283A01014,2005-08-19,,,,BSE_RETRY,,ISIN: IndexError: tuple index out of range | SYMBOL: IndexError: tuple index out of range | COMPANY_NAME: IndexError: tuple index out of range,PRECOT.NS,Consumer Cyclical,Textile Manufacturing,EQUITY,0,,
PRITI,Priti International Limited,BE,INE974Z01015,2022-03-02,,,,BSE_RETRY,,ISIN: IndexError: tuple index out of range | SYMBOL: IndexError: tuple index out of range | COMPANY_NAME: IndexError: tuple index out of range,PRITI.NS,Consumer Cyclical,"Furnishings, Fixtures & Appliances",EQUITY,0,,
QMSMEDI,QMS Medical Allied Services Limited,BE,INE0FMW01018,2026-06-18,,,,BSE_RETRY,,"No BSE code found using ISIN, symbol, or company name",QMSMEDI.NS,Healthcare,Medical Instruments & Supplies,EQUITY,0,,
RAJMET,Rajnandini Metal Limited,EQ,INE00KV01022,2021-02-16,,,,BSE_RETRY,,"No BSE code found using ISIN, symbol, or company name",RAJMET.NS,Basic Materials,Copper,EQUITY,0,,
REPL,Rudrabhishek Enterprises Limited,BE,INE364Z01019,2020-12-14,,,,BSE_RETRY,,"No BSE code found using ISIN, symbol, or company name",REPL.NS,Industrials,Consulting Services,EQUITY,0,,
RKEC,RKEC Projects Limited,EQ,INE786W01010,2020-12-18,,,,BSE_RETRY,,"No BSE code found using ISIN, symbol, or company name",RKEC.NS,Industrials,Engineering & Construction,EQUITY,0,,
RPPL,Rajshree Polypack Limited,BE,INE760W01023,2021-11-26,,,,BSE_RETRY,,"No BSE code found using ISIN, symbol, or company name",RPPL.NS,Consumer Cyclical,Packaging & Containers,EQUITY,0,,
SAGARDEEP,Sagardeep Alloys Limited,EQ,INE976T01013,2019-01-25,,,,BSE_RETRY,,"No BSE code found using ISIN, symbol, or company name",SAGARDEEP.NS,Basic Materials,Copper,EQUITY,0,,
SAKAR,Sakar Healthcare Limited,EQ,INE732S01012,2019-04-11,,,,BSE_RETRY,,"No BSE code found using ISIN, symbol, or company name",SAKAR.NS,Healthcare,Drug Manufacturers - Specialty & Generic,EQUITY,0,,
SANGINITA,Sanginita Chemicals Limited,BE,INE753W01010,2019-07-15,,,,BSE_RETRY,,"No BSE code found using ISIN, symbol, or company name",SANGINITA.NS,Basic Materials,Chemicals,EQUITY,0,,
SERVOTECH,Servotech Renewable Power System Limited,EQ,INE782X01033,2021-09-02,,,,BSE_RETRY,,"No BSE code found using ISIN, symbol, or company name",SERVOTECH.NS,Industrials,Electrical Equipment & Parts,EQUITY,0,,
SHANTI,Shanti Overseas (India) Limited,EQ,INE933X01016,2021-09-16,,,,BSE_RETRY,,SYMBOL: IndexError: tuple index out of range | COMPANY_NAME: IndexError: tuple index out of range,SHANTI.NS,Consumer Defensive,Farm Products,EQUITY,0,,
SHIVAUM,Shiv Aum Steels Limited,EQ,INE719F01016,2025-11-14,,,,BSE_RETRY,,ISIN: IndexError: tuple index out of range | SYMBOL: IndexError: tuple index out of range | COMPANY_NAME: IndexError: tuple index out of range,SHIVAUM.NS,Basic Materials,Steel,EQUITY,0,,
SHRADHA,Shradha Realty Limited,EQ,INE715Y01031,2020-10-22,,,,BSE_RETRY,,ISIN: IndexError: tuple index out of range | SYMBOL: IndexError: tuple index out of range | COMPANY_NAME: IndexError: tuple index out of range,SHRADHA.NS,Real Estate,Real Estate - Development,EQUITY,0,,
SHRENIK,Shrenik Limited,BZ,INE632X01030,2019-08-02,,,,BSE_RETRY,,ISIN: IndexError: tuple index out of range | SYMBOL: IndexError: tuple index out of range | COMPANY_NAME: IndexError: tuple index out of range,SHRENIK.NS,Basic Materials,Paper & Paper Products,EQUITY,0,,
SIKKO,Sikko Industries Limited,BE,INE112X01025,2021-10-22,,,,BSE_RETRY,,ISIN: IndexError: tuple index out of range | SYMBOL: IndexError: tuple index out of range | COMPANY_NAME: IndexError: tuple index out of range,SIKKO.NS,Basic Materials,Agricultural Inputs,EQUITY,0,,
SILGO,Silgo Retail Limited,EQ,INE01II01013,2021-03-03,,,,BSE_RETRY,,ISIN: IndexError: tuple index out of range | SYMBOL: IndexError: tuple index out of range | COMPANY_NAME: IndexError: tuple index out of range,SILGO.NS,Consumer Cyclical,Luxury Goods,EQUITY,0,,
SILLYMONKS,Silly Monks Entertainment Limited,EQ,INE203Y01012,2020-07-08,,,,BSE_RETRY,,ISIN: IndexError: tuple index out of range | SYMBOL: IndexError: tuple index out of range | COMPANY_NAME: IndexError: tuple index out of range,SILLYMONKS.NS,Communication Services,Entertainment,EQUITY,0,,
SINTERCOM,Sintercom India Limited,EQ,INE129Z01016,2020-10-07,,,,BSE_RETRY,,ISIN: IndexError: tuple index out of range | SYMBOL: IndexError: tuple index out of range | COMPANY_NAME: IndexError: tuple index out of range,SINTERCOM.NS,Consumer Cyclical,Auto Parts,EQUITY,0,,
SONAMLTD,SONAM LIMITED,EQ,INE00LM01029,2022-04-07,,,,BSE_RETRY,,ISIN: IndexError: tuple index out of range | SYMBOL: IndexError: tuple index out of range | COMPANY_NAME: IndexError: tuple index out of range,SONAMLTD.NS,Consumer Cyclical,"Furnishings, Fixtures & Appliances",EQUITY,0,,
SPCENET,Spacenet Enterprises India Limited,EQ,INE970N01027,2017-01-10,,,,BSE_RETRY,,ISIN: IndexError: tuple index out of range | SYMBOL: IndexError: tuple index out of range | COMPANY_NAME: IndexError: tuple index out of range,SPCENET.NS,Financial Services,Capital Markets,EQUITY,0,,
STEELCITY,Steel City Securities Limited,EQ,INE395H01011,2019-06-27,,,,BSE_RETRY,,ISIN: IndexError: tuple index out of range | SYMBOL: IndexError: tuple index out of range | COMPANY_NAME: IndexError: tuple index out of range,STEELCITY.NS,Financial Services,Capital Markets,EQUITY,0,,
SUMIT,Sumit Woods Limited,EQ,INE748Z01013,2019-07-30,,,,BSE_RETRY,,ISIN: IndexError: tuple index out of range | SYMBOL: IndexError: tuple index out of range | COMPANY_NAME: IndexError: tuple index out of range,SUMIT.NS,Real Estate,Real Estate - Development,EQUITY,0,,
SUPREMEENG,Supreme Engineering Limited,BZ,INE319Z01021,2020-12-04,,,,BSE_RETRY,,ISIN: IndexError: tuple index out of range | SYMBOL: IndexError: tuple index out of range | COMPANY_NAME: IndexError: tuple index out of range,SUPREMEENG.NS,Basic Materials,Steel,EQUITY,0,,
SVLL,Shree Vasu Logistics Limited,BE,INE00CE01017,2023-04-21,,,,BSE_RETRY,,ISIN: IndexError: tuple index out of range | SYMBOL: IndexError: tuple index out of range | COMPANY_NAME: IndexError: tuple index out of range,SVLL.NS,Industrials,Trucking,EQUITY,0,,
TARACHAND,Tara Chand InfraLogistic Solutions Limited,EQ,INE555Z01020,2024-04-16,,,,BSE_RETRY,,ISIN: IndexError: tuple index out of range | SYMBOL: IndexError: tuple index out of range | COMPANY_NAME: IndexError: tuple index out of range,TARACHAND.NS,Industrials,Farm & Heavy Construction Machinery,EQUITY,0,,
TEMBO,Tembo Global Industries Limited,EQ,INE869Y01028,2021-04-23,,,,BSE_RETRY,,ISIN: IndexError: tuple index out of range | SYMBOL: IndexError: tuple index out of range | COMPANY_NAME: IndexError: tuple index out of range,TEMBO.NS,Industrials,Metal Fabrication,EQUITY,0,,
THEJO,Thejo Engineering Limited,EQ,INE121N01019,2023-10-10,,,,BSE_RETRY,,ISIN: IndexError: tuple index out of range | SYMBOL: IndexError: tuple index out of range | COMPANY_NAME: IndexError: tuple index out of range,THEJO.NS,Industrials,Specialty Industrial Machinery,EQUITY,0,,
TIRUPATIFL,Tirupati Forge Limited,BE,INE319Y01024,2020-08-04,,,,BSE_RETRY,,ISIN: IndexError: tuple index out of range | SYMBOL: IndexError: tuple index out of range | COMPANY_NAME: IndexError: tuple index out of range,TIRUPATIFL.NS,Industrials,Metal Fabrication,EQUITY,0,,
TOTAL,Total Transport Systems Limited,EQ,INE336X01012,2020-08-28,,,,BSE_RETRY,,ISIN: IndexError: tuple index out of range | SYMBOL: IndexError: tuple index out of range | COMPANY_NAME: IndexError: tuple index out of range,TOTAL.NS,Industrials,Integrated Freight & Logistics,EQUITY,0,,
TOUCHWOOD,Touchwood Entertainment Limited,EQ,INE486Y01013,2020-01-21,,,,BSE_RETRY,,ISIN: IndexError: tuple index out of range | SYMBOL: IndexError: tuple index out of range | COMPANY_NAME: IndexError: tuple index out of range,TOUCHWOOD.NS,Communication Services,Advertising Agencies,EQUITY,0,,
TSFINV,TSF INVESTMENTS LIMITED,EQ,INE202Z01029,2018-03-26,,,,BSE_RETRY,,ISIN: IndexError: tuple index out of range | SYMBOL: IndexError: tuple index out of range | COMPANY_NAME: IndexError: tuple index out of range,TSFINV.NS,Financial Services,Asset Management,EQUITY,0,,
UNIINFO,Uniinfo Telecom Services Limited,EQ,INE481Z01011,2022-01-12,,,,BSE_RETRY,,ISIN: IndexError: tuple index out of range | SYMBOL: IndexError: tuple index out of range | COMPANY_NAME: IndexError: tuple index out of range,UNIINFO.NS,Communication Services,Telecom Services,EQUITY,0,,
UNITEDTEA,The United Nilgiri Tea Estates Company Limited,EQ,INE458F01011,2015-01-28,,,,BSE_RETRY,,ISIN: IndexError: tuple index out of range | SYMBOL: IndexError: tuple index out of range | COMPANY_NAME: IndexError: tuple index out of range,UNITEDTEA.NS,Consumer Defensive,Farm Products,EQUITY,0,,
UNIVASTU,Univastu India Limited,BE,INE562X01013,2020-06-22,,,,BSE_RETRY,,ISIN: IndexError: tuple index out of range | SYMBOL: IndexError: tuple index out of range | COMPANY_NAME: IndexError: tuple index out of range,UNIVASTU.NS,Industrials,Engineering & Construction,EQUITY,0,,
VAISHALI,Vaishali Pharma Limited,EQ,INE972X01022,2020-01-15,,,,BSE_RETRY,,ISIN: IndexError: tuple index out of range | SYMBOL: IndexError: tuple index out of range | COMPANY_NAME: IndexError: tuple index out of range,VAISHALI.NS,Healthcare,Drug Manufacturers - Specialty & Generic,EQUITY,0,,
VARDHACRLC,Vardhman Acrylics Limited,BE,INE116G01013,2003-09-30,,,,BSE_RETRY,,ISIN: IndexError: tuple index out of range | SYMBOL: IndexError: tuple index out of range | COMPANY_NAME: IndexError: tuple index out of range,VARDHACRLC.NS,Consumer Cyclical,Textile Manufacturing,EQUITY,0,,
VCL,Vaxtex Cotfab Limited,BE,INE098201036,2022-04-19,,,,BSE_RETRY,,ISIN: IndexError: tuple index out of range | SYMBOL: IndexError: tuple index out of range | COMPANY_NAME: IndexError: tuple index out of range,VCL.NS,Consumer Cyclical,Textile Manufacturing,EQUITY,0,,
VERTOZ,Vertoz Limited,BE,INE188Y01031,2020-05-14,,,,BSE_RETRY,,ISIN: IndexError: tuple index out of range | SYMBOL: IndexError: tuple index out of range | COMPANY_NAME: IndexError: tuple index out of range,VERTOZ.NS,Technology,Software - Infrastructure,EQUITY,0,,
VITAL,Vital Chemtech Limited,BE,INE0L4K01016,2026-03-11,,,,BSE_RETRY,,ISIN: IndexError: tuple index out of range | SYMBOL: IndexError: tuple index out of range | COMPANY_NAME: IndexError: tuple index out of range,VITAL.NS,Basic Materials,Specialty Chemicals,EQUITY,0,,
VIVIANA,Viviana Power Tech Limited,BE,INE0MEG01014,2026-06-02,,,,BSE_RETRY,,ISIN: IndexError: tuple index out of range | SYMBOL: IndexError: tuple index out of range | COMPANY_NAME: IndexError: tuple index out of range,VIVIANA.NS,Industrials,Engineering & Construction,EQUITY,0,,
WIPL,The Western India Plywoods Limited,EQ,INE215F01023,2017-04-17,,,,BSE_RETRY,,ISIN: IndexError: tuple index out of range | SYMBOL: IndexError: tuple index out of range | COMPANY_NAME: IndexError: tuple index out of range,WIPL.NS,Basic Materials,Lumber & Wood Production,EQUITY,0,,
ZOTA,Zota Health Care LImited,EQ,INE358U01012,2019-08-19,,,,BSE_RETRY,,ISIN: IndexError: tuple index out of range | SYMBOL: IndexError: tuple index out of range | COMPANY_NAME: IndexError: tuple index out of range,ZOTA.NS,Healthcare,Biotechnology,EQUITY,0,,
